USE bgreat_db;

INSERT INTO zona (nombre, precio_envio) VALUES 
('Carrasco Norte', 300),
('Carrasco Sur', 250),
('Malvin Norte', 200),
('Malvin Sur', 400),
('Pocitos', 350),
('Centro', 300),
('Ciudad Vieja', 200),
('Ciudad de la Costa', 250),
('Aguada', 300),
('Las Piedras', 350),
('Parque Batlle', 300),
('Paso Molino', 400),
('Punta Carretas', 200),
('Buceo', 250),
('Cerro', 350);

INSERT INTO clientes (id_cliente, nombre, apellido, celular, direccion, email, id_zona) VALUES 
(1, 'Juan', 'Perez', '123456789', 'Av. Libertador 5000', 'juan.perez@mail.com', 1),
(2, 'Maria', 'Lopez', '987654321', 'Calle Corrientes 1234', 'maria.lopez@mail.com', 2),
(3, 'Pedro', 'Gomez', '123123123', 'Calle Santa Fe 678', 'pedro.gomez@mail.com', 3),
(4, 'Ana', 'Martinez', '321321321', 'Av. de Mayo 234', 'ana.martinez@mail.com', 3),
(5, 'Luis', 'Garcia', '456456456', 'Calle Belgrano 567', 'luis.garcia@mail.com', 5),
(6, 'Laura', 'Rodriguez', '654654654', 'Av. Córdoba 890', 'laura.rodriguez@mail.com', 6),
(7, 'Carlos', 'Sanchez', '789789789', 'Calle Rivadavia 345', 'carlos.sanchez@mail.com', 7),
(8, 'Marta', 'Fernandez', '987987987', 'Calle Viamonte 432', 'marta.fernandez@mail.com', 8),
(9, 'Jose', 'Gonzalez', '111111111', 'Av. 9 de Julio 678', 'jose.gonzalez@mail.com', 9),
(10, 'Lucia', 'Diaz', '222222222', 'Calle Moreno 123', 'lucia.diaz@mail.com', 10),
(11, 'David', 'Ruiz', '333333333', 'Av. Callao 456', 'david.ruiz@mail.com', 11),
(12, 'Elena', 'Morales', '444444444', 'Calle Lavalle 789', 'elena.morales@mail.com', 12),
(13, 'Miguel', 'Hernandez', '555555555', 'Av. Pueyrredón 101', 'miguel.hernandez@mail.com', 13),
(14, 'Sara', 'Jimenez', '666666666', 'Calle Tucumán 202', 'sara.jimenez@mail.com', 14),
(15, 'Jorge', 'Torres', '777777777', 'Calle Esmeralda 303', 'jorge.torres@mail.com', 8),
(16, 'Cristina', 'Alvarez', '888888888', 'Av. Santa Fe 404', 'cristina.alvarez@mail.com', 1),
(17, 'Alberto', 'Castro', '999999999', 'Calle Salta 505', 'alberto.castro@mail.com', 2),
(18, 'Sofia', 'Ramos', '101010101', 'Av. Independencia 606', 'sofia.ramos@mail.com', 3),
(19, 'Victor', 'Gimenez', '111111111', 'Calle Jujuy 707', 'victor.gimenez@mail.com', 4),
(20, 'Nuria', 'Ortiz', '121212121', 'Calle Paraná 808', 'nuria.ortiz@mail.com', 5),
(21, 'Raul', 'Molina', '131313131', 'Av. Córdoba 909', 'raul.molina@mail.com', 6),
(22, 'Patricia', 'Romero', '141414141', 'Calle Venezuela 1010', 'patricia.romero@mail.com', 7),
(23, 'Diego', 'Vazquez', '151515151', 'Calle Morón 1212', 'diego.vazquez@mail.com', 8),
(24, 'Natalia', 'Santos', '161616161', 'Av. 25 de Mayo 1313', 'natalia.santos@mail.com', 9),
(25, 'Gabriel', 'Iglesias', '171717171', 'Calle Reconquista 1414', 'gabriel.iglesias@mail.com', 10),
(26, 'Isabel', 'Blanco', '181818181', 'Calle Rincón 1515', 'isabel.blanco@mail.com', 12),
(27, 'Fernando', 'Cruz', '191919191', 'Av. Belgrano 1616', 'fernando.cruz@mail.com', 12),
(28, 'Monica', 'Ruiz', '202020202', 'Calle San Telmo 1717', 'monica.ruiz@mail.com', 12),
(29, 'Pablo', 'Navarro', '212121212', 'Av. Libertador 1818', 'pablo.navarro@mail.com', 14),
(30, 'Laura', 'Soler', '222222222', 'Calle San Martín 1919', 'laura.soler@mail.com', 1),
(31, 'Esteban', 'Paredes', '232323232', 'Calle de Mayo 2020', 'esteban.paredes@mail.com', 1),
(32, 'Silvia', 'Herrera', '242424242', 'Calle Avellaneda 2121', 'silvia.herrera@mail.com', 2),
(33, 'Daniel', 'Marquez', '252525252', 'Av. San Juan 2222', 'daniel.marquez@mail.com', 3),
(34, 'Alicia', 'Gil', '262626262', 'Calle Rivadavia 2323', 'alicia.gil@mail.com', 4),
(35, 'Ricardo', 'Sierra', '272727272', 'Av. 9 de Julio 2424', 'ricardo.sierra@mail.com', 5);

INSERT INTO tienda (nombre, descripcion) VALUES 
('Tienda física', 'Bgreat Bv. España'),
('Página web', 'Bgreat online'),
('Mercado Libre', 'Pagina Mercado Libre');

INSERT INTO proveedores (nombre, email) VALUES 
('Tech Innovations', 'contacto@techinnovations.com'),
('Smart Solutions', 'info@smartsolutions.com'),
('Digital Devices', 'ventas@digitaldevices.com'),
('NextGen Tech', 'support@nextgentech.com'),
('Future Gadgets', 'service@futuregadgets.com'),
('Smart Home Systems', 'sales@smarthomesystems.com'),
('Gizmo Tech', 'contact@gizmotech.com'),
('Innovative Electronics', 'info@innovativeelectronics.com'),
('SmartWare', 'sales@smartware.com'),
('TechGear', 'support@techgear.com'),
('Advanced Solutions', 'contacto@advancedsolutions.com'),
('Modern Gadgets', 'ventas@moderngadgets.com'),
('SmartTech Hub', 'service@smarttechhub.com'),
('Digital Smart', 'info@digitalsmart.com'),
('Future Tech', 'sales@futuretech.com');


INSERT INTO productos (nombre, descripcion, precio, id_proveedor) VALUES 
('Smart TV 55"', 'Televisión inteligente de 55 pulgadas con resolución 4K', 1000, 1),
('Robot Aspiradora', 'Aspiradora robot con programación y control por app', 300, 2),
('Termostato Inteligente', 'Termostato programable con control remoto', 200, 3),
('Cámara de Seguridad', 'Cámara de seguridad Wi-Fi con visión nocturna', 150, 4),
('Enchufe Inteligente', 'Enchufe inteligente compatible con Alexa y Google Home', 25, 5),
('Luz Inteligente', 'Bombilla LED inteligente con control por app y voz', 30, 6),
('Altavoz Inteligente', 'Altavoz inteligente con asistente de voz integrado', 100, 7),
('Cerradura Inteligente', 'Cerradura electrónica con acceso remoto', 250, 8),
('Sensor de Movimiento', 'Sensor de movimiento para seguridad y automatización', 40, 9),
('Purificador de Aire', 'Purificador de aire con filtro HEPA y control por app', 300, 9),
('Video Timbre', 'Timbre con cámara de video y control por app', 150, 11),
('Cortina Inteligente', 'Sistema de cortinas motorizadas con control remoto', 400, 12),
('Alarma Inteligente', 'Sistema de alarma inteligente con sensores y control remoto', 500, 13),
('Frigorífico Smart', 'Refrigerador inteligente con pantalla táctil y Wi-Fi', 1200, 14),
('Lavadora Inteligente', 'Lavadora con programación y control por app', 800, 15),
('Proyector Inteligente', 'Proyector portátil con conectividad Wi-Fi y Bluetooth', 350, 1),
('Sistema de Audio Smart', 'Sistema de audio multiroom con control por app', 450, 1),
('Detector de Humo Inteligente', 'Detector de humo con alertas en tiempo real', 75, 3),
('Espejo Inteligente', 'Espejo con pantalla táctil y conectividad Wi-Fi', 500, 4),
('Interruptor Inteligente', 'Interruptor de luz con control por voz y app', 40, 5);


INSERT INTO inventario (id_producto, id_proveedor, cantidad_disponible, disponibilidad) VALUES
(1, 1, 10, TRUE),      
(2, 2, 50, TRUE),      
(3, 3, 5, TRUE),       
(4, 4, 0, FALSE),      
(5, 5, 15, TRUE),      
(6, 6, 20, TRUE),      
(7, 7, 25, TRUE),      
(8, 8, 12, TRUE),      
(9, 9, 30, TRUE),      
(10, 9, 25, TRUE),     
(11, 11, 8, TRUE),     
(12, 12, 5, TRUE),     
(13, 13, 10, TRUE),    
(14, 14, 4, TRUE),     
(15, 15, 6, TRUE),     
(16, 1, 7, TRUE),      
(17, 1, 0, FALSE),     
(18, 3, 0, FALSE),     
(19, 4, 0, FALSE),     
(20, 5, 0, FALSE);


INSERT INTO compra (fecha, id_cliente, id_tienda, id_producto, cantidad, envio) VALUES 
('2024-01-05 10:00:00', 35, 2, 15, 1, TRUE),
('2024-02-12 11:00:00', 8, 2, 2, 2, FALSE),
('2024-03-19 12:00:00', 3, 3, 3, 3, TRUE),
('2024-04-27 13:00:00', 4, 1, 4, 1, TRUE),
('2024-05-14 14:00:00', 5, 2, 5, 2, FALSE),
('2024-06-02 15:00:00', 6, 3, 6, 1, TRUE),
('2024-07-08 16:00:00', 31, 1, 7, 2, TRUE),
('2024-02-23 17:00:00', 8, 2, 8, 3, FALSE),
('2024-03-15 18:00:00', 9, 3, 9, 1, TRUE),
('2024-04-11 19:00:00', 10, 1, 10, 2, TRUE),
('2024-05-20 20:00:00', 11, 2, 11, 3, FALSE),
('2024-06-13 21:00:00', 12, 3, 12, 1, TRUE),
('2024-01-17 22:00:00', 13, 1, 13, 2, TRUE),
('2024-02-28 23:00:00', 14, 2, 14, 3, FALSE),
('2024-03-03 00:00:00', 15, 3, 15, 1, TRUE),
('2024-04-10 10:00:00', 1, 2, 6, 2, TRUE),
('2024-05-25 11:00:00', 2, 3, 7, 3, FALSE),
('2024-06-08 12:00:00', 3, 1, 8, 1, TRUE),
('2024-07-19 13:00:00', 4, 2, 9, 2, TRUE),
('2024-01-13 14:00:00', 11, 3, 10, 3, FALSE),
('2024-02-17 15:00:00', 26, 1, 11, 2, TRUE),
('2024-03-30 16:00:00', 7, 2, 12, 3, TRUE),
('2024-04-05 17:00:00', 8, 3, 13, 1, FALSE),
('2024-06-22 18:00:00', 9, 1, 14, 2, TRUE),
('2024-06-01 19:00:00', 10, 2, 8, 3, TRUE),
('2024-07-13 20:00:00', 11, 3, 1, 1, FALSE),
('2024-01-25 21:00:00', 12, 1, 2, 2, TRUE),
('2024-02-05 22:00:00', 13, 2, 3, 3, TRUE),
('2024-03-22 23:00:00', 11, 3, 4, 1, FALSE),
('2024-04-30 00:00:00', 15, 1, 5, 2, TRUE),
('2024-05-10 00:00:00', 8, 3, 4, 1, FALSE),
('2024-06-17 00:00:00', 8, 3, 2, 1, FALSE),
('2024-01-03 10:00:00', 29, 2, 11, 2, TRUE),
('2024-02-20 11:00:00', 22, 2, 14, 1, TRUE),
('2024-03-08 12:00:00', 22, 3, 1, 1, FALSE),
('2024-04-12 13:00:00', 19, 1, 8, 2, TRUE),
('2024-05-27 14:00:00', 16, 1, 7, 1, TRUE),
('2024-06-23 17:00:00', 8, 2, 8, 3, FALSE),
('2024-07-18 18:00:00', 12, 3, 9, 1, TRUE),
('2024-03-09 19:00:00', 10, 1, 7, 1, TRUE),
('2024-03-14 20:00:00', 11, 2, 11, 3, FALSE),
('2024-03-07 21:00:00', 12, 3, 12, 1, TRUE),
('2024-04-23 22:00:00', 13, 1, 13, 2, TRUE),
('2024-02-16 23:00:00', 14, 1, 12, 1, FALSE),
('2024-06-12 00:00:00', 21, 2, 3, 1, TRUE),
('2024-07-21 10:00:00', 1, 2, 8, 1, TRUE),
('2024-07-21 10:00:00', 1, 2, 11, 2, TRUE),
('2024-07-21 10:00:00', 1, 2, 6, 2, TRUE);


INSERT INTO evaluacion_post_compra (id_compra, calificacion, comentarios) VALUES 
(5, 3, 'El producto llegó con un pequeño defecto, pero el servicio fue adecuado.'),
(1, 4, 'Buena compra, aunque el tiempo de envío fue un poco largo.'),
(10, 2, 'El producto no cumplió con mis expectativas.'),
(15, 4, 'Satisfecho con el producto, pero el embalaje podría mejorar.'),
(17, 5, 'Excelente experiencia, el producto y el servicio fueron de alta calidad.'),
(22, 3, 'El producto es bueno, pero hubo problemas con el proceso de pago.'),
(25, 5, 'Todo perfecto, el producto llegó a tiempo y en condiciones óptimas.'),
(28, 2, 'No estoy satisfecho con la compra, el producto llegó dañado.'),
(30, 4, 'Buena calidad del producto, aunque la comunicación fue deficiente.'),
(33, 5, 'Todo fue excelente, desde la compra hasta la entrega.'),
(35, 3, 'La compra fue aceptable, pero hubo inconvenientes con el seguimiento del pedido.'),
(38, 4, 'Producto en buen estado, aunque el tiempo de respuesta del soporte podría mejorar.'),
(41, 2, 'La calidad del producto dejó mucho que desear y el servicio al cliente fue malo.'),
(45, 4, 'Buena compra en general, con un pequeño retraso en el envío.'),
(3, 5, 'Muy satisfecho con la compra, el producto es justo lo que esperaba.');


INSERT INTO comunicaciones (id_cliente, tipo_comunicacion, motivo) VALUES 
(3, 'Email', 'Consulta sobre la política de devoluciones.'),
(8, 'Teléfono', 'Queja sobre un producto defectuoso.'),
(11, 'Email', 'Solicitud de actualización sobre el estado de un pedido.'),
(14, 'Teléfono', 'Consulta sobre opciones de garantía extendida.'),
(18, 'Email', 'Agradecimiento por la rápida resolución de un problema.'),
(21, 'Teléfono', 'Reclamación sobre un error en la factura.'),
(25, 'Email', 'Confirmación de recepción del pedido y agradecimiento.'),
(28, 'Teléfono', 'Consulta sobre el proceso de cambio de producto.'),
(30, 'Email', 'Solicitud de información adicional sobre un producto nuevo.'),
(33, 'Teléfono', 'Queja sobre el mal estado del embalaje.'),
(6, 'Email', 'Solicitud de asistencia técnica para un producto.'),
(19, 'Teléfono', 'Consulta sobre el seguimiento de un pedido en tránsito.'),
(1, 'Email', 'Sugerencia para mejorar la experiencia de compra en línea.'),
(34, 'Teléfono', 'Reclamación sobre el retraso en la entrega de un pedido.'),
(27, 'Email', 'Confirmación de un pedido y solicitud de detalles del envío.');

